{"stats":{"minecraft:mined":{"minecraft:grass":1,"minecraft:coal_ore":9,"projectvibrantjourneys:pinecones":1,"minecraft:dirt":7,"minecraft:iron_ore":2,"projectvibrantjourneys:ice_chunks":2,"minecraft:spruce_leaves":2,"minecraft:spruce_log":8,"minecraft:stone":84,"psg:sulphur_ore":2},"minecraft:crafted":{"minecraft:spruce_planks":32,"minecraft:stick":4,"minecraft:wooden_pickaxe":1,"minecraft:stone_pickaxe":1},"minecraft:custom":{"minecraft:time_since_rest":5284,"minecraft:deaths":1,"minecraft:crouch_one_cm":95,"minecraft:interact_with_furnace":1,"minecraft:play_time":16513,"minecraft:sprint_one_cm":53956,"minecraft:damage_taken":268,"minecraft:walk_one_cm":20252,"minecraft:sneak_time":25,"minecraft:walk_under_water_one_cm":1387,"minecraft:jump":326,"minecraft:damage_dealt":54,"minecraft:walk_on_water_one_cm":2374,"minecraft:time_since_death":5216,"minecraft:total_world_time":16513,"minecraft:swim_one_cm":5848,"minecraft:interact_with_crafting_table":2,"minecraft:fall_one_cm":5814,"minecraft:fly_one_cm":70447},"minecraft:picked_up":{"minecraft:raw_iron":2,"psg:sulphur":9,"minecraft:spruce_log":8,"minecraft:dirt":6,"minecraft:coal":9,"minecraft:cobblestone":86},"minecraft:killed_by":{"alexsmobs:orca":1},"minecraft:used":{"minecraft:wooden_sword":4,"minecraft:bread":1,"minecraft:stone_pickaxe":84,"minecraft:wooden_pickaxe":17}},"DataVersion":3465}