{"stats":{"minecraft:mined":{"minecraft:iron_ore":2,"minecraft:spruce_log":26,"psg:sulphur_ore":2,"minecraft:crafting_table":1,"minecraft:grass":1,"minecraft:coal_ore":9,"projectvibrantjourneys:pinecones":1,"minecraft:dirt":9,"minecraft:packed_ice":3,"projectvibrantjourneys:ice_chunks":2,"minecraft:smooth_basalt":4,"minecraft:spruce_leaves":2,"minecraft:stone":103,"create:veridium":3},"minecraft:crafted":{"minecraft:spruce_planks":52,"minecraft:stick":8,"minecraft:wooden_pickaxe":1,"minecraft:stone_pickaxe":1},"minecraft:custom":{"minecraft:time_since_rest":17284,"minecraft:interact_with_furnace":1,"minecraft:sprint_one_cm":54747,"minecraft:damage_taken":288,"minecraft:walk_one_cm":64844,"minecraft:drop":1,"minecraft:damage_dealt":54,"minecraft:swim_one_cm":5848,"minecraft:interact_with_crafting_table":4,"minecraft:fly_one_cm":71947,"minecraft:crouch_one_cm":1799,"minecraft:play_time":28513,"minecraft:deaths":1,"minecraft:sneak_time":650,"minecraft:walk_under_water_one_cm":1917,"minecraft:jump":491,"minecraft:time_since_death":17216,"minecraft:walk_on_water_one_cm":4376,"minecraft:total_world_time":28513,"minecraft:fall_one_cm":7488},"minecraft:picked_up":{"minecraft:crafting_table":1,"minecraft:raw_iron":2,"minecraft:smooth_basalt":4,"psg:sulphur":9,"minecraft:spruce_log":26,"alexsmobs:animal_dictionary":1,"minecraft:dirt":9,"minecraft:wooden_sword":1,"minecraft:stone_sword":1,"minecraft:stone_axe":1,"minecraft:stone_pickaxe":1,"create:veridium":5,"projectvibrantjourneys:orange_bark_mushroom":1,"minecraft:coal":9,"minecraft:cobblestone":108},"minecraft:killed_by":{"alexsmobs:orca":1},"minecraft:dropped":{"alexsmobs:animal_dictionary":1},"minecraft:used":{"minecraft:stone_pickaxe":110,"minecraft:bread":1,"create:veridium":5,"minecraft:wooden_pickaxe":17,"minecraft:smooth_basalt":3,"minecraft:stone_axe":13,"minecraft:wooden_sword":4,"minecraft:dirt":5,"minecraft:crafting_table":1,"alexsmobs:animal_dictionary":1}},"DataVersion":3465}