{"stats":{"minecraft:mined":{"minecraft:spruce_log":33,"psg:sulphur_ore":5,"minecraft:crafting_table":1,"minecraft:coal_ore":18,"minecraft:dirt":1,"minecraft:copper_ore":10,"minecraft:spruce_leaves":10,"minecraft:stone":89,"create:veridium":9},"minecraft:crafted":{"minecraft:cobblestone_slab":6,"minecraft:crafting_table":1,"minecraft:spruce_planks":24,"minecraft:stick":8,"minecraft:wooden_pickaxe":1,"minecraft:stone_pickaxe":1,"minecraft:furnace":1,"minecraft:copper_ingot":29,"minecraft:stone_axe":1,"minecraft:air":0},"minecraft:custom":{"minecraft:time_since_rest":16124,"minecraft:interact_with_furnace":4,"minecraft:sprint_one_cm":26866,"minecraft:damage_taken":40,"minecraft:walk_one_cm":47914,"minecraft:damage_dealt":10,"minecraft:interact_with_crafting_table":4,"minecraft:fly_one_cm":32301,"minecraft:crouch_one_cm":3,"minecraft:play_time":16124,"minecraft:sneak_time":29,"minecraft:walk_under_water_one_cm":317,"minecraft:jump":166,"minecraft:leave_game":1,"minecraft:walk_on_water_one_cm":326,"minecraft:time_since_death":16124,"minecraft:total_world_time":16124,"minecraft:fall_one_cm":1883},"minecraft:picked_up":{"minecraft:stick":7,"minecraft:crafting_table":1,"psg:sulphur":24,"minecraft:spruce_sapling":14,"minecraft:spruce_log":33,"minecraft:dirt":1,"minecraft:raw_copper":31,"create:veridium":4,"minecraft:coal":18,"minecraft:cobblestone":77},"minecraft:used":{"minecraft:bread":1,"minecraft:stone_pickaxe":130,"minecraft:wooden_pickaxe":3,"minecraft:spruce_sapling":3,"minecraft:stone_axe":34,"minecraft:dirt":1,"minecraft:crafting_table":2,"minecraft:furnace":1,"alexsmobs:animal_dictionary":1,"minecraft:spruce_log":5}},"DataVersion":3465}