{"stats":{"minecraft:mined":{"minecraft:furnace":1,"minecraft:spruce_log":33,"psg:sulphur_ore":5,"minecraft:crafting_table":2,"minecraft:coal_ore":18,"minecraft:dirt":2,"minecraft:copper_ore":10,"minecraft:smooth_basalt":3,"minecraft:spruce_leaves":10,"minecraft:stone":142,"create:veridium":16,"minecraft:infested_stone":1},"minecraft:broken":{"minecraft:stone_pickaxe":1,"minecraft:wooden_pickaxe":1},"minecraft:crafted":{"minecraft:cobblestone_slab":6,"minecraft:crafting_table":1,"minecraft:spruce_planks":24,"minecraft:stick":8,"minecraft:wooden_pickaxe":1,"minecraft:stone_pickaxe":3,"minecraft:stone_sword":2,"minecraft:furnace":1,"minecraft:copper_ingot":29,"minecraft:stone_axe":2,"minecraft:air":0},"minecraft:custom":{"minecraft:time_since_rest":28124,"minecraft:interact_with_furnace":5,"minecraft:sprint_one_cm":31923,"minecraft:damage_taken":40,"minecraft:walk_one_cm":73972,"minecraft:mob_kills":1,"minecraft:drop":5,"minecraft:damage_dealt":209,"minecraft:interact_with_crafting_table":8,"minecraft:fly_one_cm":35234,"minecraft:crouch_one_cm":796,"minecraft:play_time":28124,"minecraft:sneak_time":658,"minecraft:walk_under_water_one_cm":317,"minecraft:jump":207,"minecraft:leave_game":1,"minecraft:walk_on_water_one_cm":326,"minecraft:time_since_death":28124,"minecraft:total_world_time":28124,"minecraft:fall_one_cm":2301},"minecraft:picked_up":{"minecraft:stick":7,"minecraft:crafting_table":2,"minecraft:smooth_basalt":3,"psg:sulphur":24,"minecraft:spruce_sapling":14,"minecraft:spruce_log":33,"alexsmobs:animal_dictionary":1,"minecraft:dirt":1,"minecraft:raw_copper":31,"minecraft:rotten_flesh":2,"create:veridium":14,"minecraft:coal":18,"minecraft:cobblestone":136,"minecraft:furnace":1},"minecraft:killed":{"zombie_more:cursed_zombie":1},"minecraft:dropped":{"minecraft:stone_axe":1,"minecraft:stone_sword":1,"alexsmobs:animal_dictionary":1,"minecraft:wooden_sword":1,"minecraft:stone_pickaxe":1},"minecraft:used":{"minecraft:stone_sword":5,"minecraft:bread":2,"minecraft:stone_pickaxe":140,"minecraft:wooden_pickaxe":59,"minecraft:spruce_sapling":3,"minecraft:stone_axe":35,"minecraft:dirt":1,"minecraft:crafting_table":3,"minecraft:furnace":1,"alexsmobs:animal_dictionary":2,"minecraft:spruce_log":5}},"DataVersion":3465}